SKU,DESCRIPTION,BRAND,CATG,GROUP,SIZE,FIRMNESS,VENDOR,REPLACE_COST,RETAIL
8344KK-1010,TWIN KING KOIL HC BLUE INTIMATE WAVE FIRM,KING KOIL,MATT,TWIN,Twin,Firm,KING KOIL,709.00,1799.00
8344KK-1020,TWIN XL KING KOIL HC BLUE INTIMATE WAVE FIRM,KING KOIL,MATT,TWINXL,Twin XL,Firm,KING KOIL,756.00,1899.00
8344KK-1030,FULL KING KOIL HC BLUE INTIMATE WAVE FIRM,KING KOIL,MATT,FULL,Full,Firm,KING KOIL,898.00,2199.00
8344KK-1050,QUEEN KING KOIL HC BLUE INTIMATE WAVE FIRM,KING KOIL,MATT,QUEEN,Queen,Firm,KING KOIL,945.00,2299.00
8344KK-1060,KING KING KOIL HC BLUE INTIMATE WAVE FIRM,KING KOIL,MATT,KING,King,Firm,KING KOIL,1276.00,3199.00
8344KK-1070,CAL KING KING KOIL HC BLUE INTIMATE WAVE FIRM,KING KOIL,MATT,CAKING,Cal King,Firm,KING KOIL,1276.00,3199.00
8345KK-1010,TWIN KING KOIL HC BLUE INTIMATE WAVE PLUSH,KING KOIL,MATT,TWIN,Twin,Plush,KING KOIL,709.00,1799.00
8345KK-1020,TWIN XL KING KOIL HC BLUE INTIMATE WAVE PLUSH,KING KOIL,MATT,TWINXL,Twin XL,Plush,KING KOIL,756.00,1899.00
8345KK-1030,FULL KING KOIL HC BLUE INTIMATE WAVE PLUSH,KING KOIL,MATT,FULL,Full,Plush,KING KOIL,898.00,2199.00
8345KK-1050,QUEEN KING KOIL HC BLUE INTIMATE WAVE PLUSH,KING KOIL,MATT,QUEEN,Queen,Plush,KING KOIL,945.00,2299.00
8345KK-1060,KING KING KOIL HC BLUE INTIMATE WAVE PLUSH,KING KOIL,MATT,KING,King,Plush,KING KOIL,1276.00,3199.00
8345KK-1070,CAL KING KING KOIL HC BLUE INTIMATE WAVE PLUSH,KING KOIL,MATT,CAKING,Cal King,Plush,KING KOIL,1276.00,3199.00
8346KK-1010,TWIN KING KOIL HC BLUE AZURE EURO TOP FIRM,KING KOIL,MATT,TWIN,Twin,Firm,KING KOIL,945.00,2399.00
8346KK-1020,TWIN XL KING KOIL HC BLUE AZURE EURO TOP FIRM,KING KOIL,MATT,TWINXL,Twin XL,Firm,KING KOIL,992.00,2499.00
8346KK-1030,FULL KING KOIL HC BLUE AZURE EURO TOP FIRM,KING KOIL,MATT,FULL,Full,Firm,KING KOIL,1134.00,2799.00
8346KK-1050,QUEEN KING KOIL HC BLUE AZURE EURO TOP FIRM,KING KOIL,MATT,QUEEN,Queen,Firm,KING KOIL,1181.00,2999.00
8346KK-1060,KING KING KOIL HC BLUE AZURE EURO TOP FIRM,KING KOIL,MATT,KING,King,Firm,KING KOIL,1512.00,3799.00
8346KK-1070,CAL KING KING KOIL HC BLUE AZURE EURO TOP FIRM,KING KOIL,MATT,CAKING,Cal King,Firm,KING KOIL,1512.00,3799.00
8349KK-1052,SPLIT QUEEN KING KOIL HC BLUE AZURE EURO TOP FIRM,KING KOIL,MATT,SPLQUE,Split Queen,Firm,KING KOIL,1455.00,3599.00
8349KK-1061,SPLIT KING KING KOIL HC BLUE AZURE EURO TOP FIRM,KING KOIL,MATT,SPLITKING,Split King,Firm,KING KOIL,1749.00,4399.00
8349KK-1072,SPLIT CAL KING KING KOIL HC BLUE AZURE EURO TOP FIRM,KING KOIL,MATT,SPLCAK,Split Cal King,Firm,KING KOIL,1749.00,4399.00
8347KK-1010,TWIN KING KOIL HC BLUE AZURE EURO TOP MEDIUM,KING KOIL,MATT,TWIN,Twin,Medium,KING KOIL,945.00,2399.00
8347KK-1020,TWIN XL KING KOIL HC BLUE AZURE EURO TOP MEDIUM,KING KOIL,MATT,TWINXL,Twin XL,Medium,KING KOIL,992.00,2499.00
8347KK-1030,FULL KING KOIL HC BLUE AZURE EURO TOP MEDIUM,KING KOIL,MATT,FULL,Full,Medium,KING KOIL,1134.00,2799.00
8347KK-1050,QUEEN KING KOIL HC BLUE AZURE EURO TOP MEDIUM,KING KOIL,MATT,QUEEN,Queen,Medium,KING KOIL,1181.00,2999.00
8347KK-1060,KING KING KOIL HC BLUE AZURE EURO TOP MEDIUM,KING KOIL,MATT,KING,King,Medium,KING KOIL,1512.00,3799.00
8347KK-1070,CAL KING KING KOIL HC BLUE AZURE EURO TOP MEDIUM,KING KOIL,MATT,CAKING,Cal King,Medium,KING KOIL,1512.00,3799.00
8350KK-1052,SPLIT QUEEN KING KOIL HC BLUE AZURE EURO TOP MEDIUM,KING KOIL,MATT,SPLQUE,Split Queen,Medium,KING KOIL,1455.00,3599.00
8350KK-1061,SPLIT KING KING KOIL HC BLUE AZURE EURO TOP MEDIUM,KING KOIL,MATT,SPLITKING,Split King,Medium,KING KOIL,1749.00,4399.00
8350KK-1072,SPLIT CAL KING KING KOIL HC BLUE AZURE EURO TOP MEDIUM,KING KOIL,MATT,SPLCAK,Split Cal King,Medium,KING KOIL,1749.00,4399.00
8354KK-1010,TWIN KING KOIL HC BLUE INDIGO PLUSH,KING KOIL,MATT,TWIN,Twin,Plush,KING KOIL,1087.00,2699.00
8354KK-1020,TWIN XL KING KOIL HC BLUE INDIGO PLUSH,KING KOIL,MATT,TWINXL,Twin XL,Plush,KING KOIL,1134.00,2799.00
8354KK-1030,FULL KING KOIL HC BLUE INDIGO PLUSH,KING KOIL,MATT,FULL,Full,Plush,KING KOIL,1370.00,3399.00
8354KK-1050,QUEEN KING KOIL HC BLUE INDIGO PLUSH,KING KOIL,MATT,QUEEN,Queen,Plush,KING KOIL,1418.00,3499.00
8354KK-1060,KING KING KOIL HC BLUE INDIGO PLUSH,KING KOIL,MATT,KING,King,Plush,KING KOIL,1759.00,4399.00
8354KK-1070,CAL KING KING KOIL HC BLUE INDIGO PLUSH,KING KOIL,MATT,CAKING,Cal King,Plush,KING KOIL,1759.00,4399.00
8286KK-1010,TWIN KING KOIL GROVE FIRM EURO TOP,KING KOIL,MATT,TWIN,Twin,Firm,KING KOIL,473.00,1099.00
8286KK-1020,TWIN XL KING KOIL GROVE FIRM EURO TOP,KING KOIL,MATT,TWINXL,Twin XL,Firm,KING KOIL,520.00,1199.00
8286KK-1030,FULL KING KOIL GROVE FIRM EURO TOP,KING KOIL,MATT,FULL,Full,Firm,KING KOIL,572.00,1299.00
8286KK-1050,QUEEN KING KOIL GROVE FIRM EURO TOP,KING KOIL,MATT,QUEEN,Queen,Firm,KING KOIL,614.00,1399.00
8286KK-1060,KING KING KOIL GROVE FIRM EURO TOP,KING KOIL,MATT,KING,King,Firm,KING KOIL,803.00,1899.00
8286KK-1070,CAL KING KING KOIL GROVE FIRM EURO TOP,KING KOIL,MATT,CAKING,Cal King,Firm,KING KOIL,803.00,1899.00
8041KK-1010,TWIN KING KOIL GROVE MEDIUM EURO TOP,KING KOIL,MATT,TWIN,Twin,Medium,KING KOIL,473.00,1099.00
8041KK-1020,TWIN XL KING KOIL GROVE MEDIUM EURO TOP,KING KOIL,MATT,TWINXL,Twin XL,Medium,KING KOIL,520.00,1199.00
8041KK-1030,FULL KING KOIL GROVE MEDIUM EURO TOP,KING KOIL,MATT,FULL,Full,Medium,KING KOIL,572.00,1299.00
8041KK-1050,QUEEN KING KOIL GROVE MEDIUM EURO TOP,KING KOIL,MATT,QUEEN,Queen,Medium,KING KOIL,614.00,1399.00
8041KK-1060,KING KING KOIL GROVE MEDIUM EURO TOP,KING KOIL,MATT,KING,King,Medium,KING KOIL,803.00,1899.00
8041KK-1070,CAL KING KING KOIL GROVE MEDIUM EURO TOP,KING KOIL,MATT,CAKING,Cal King,Medium,KING KOIL,803.00,1899.00
